﻿<?xml version="1.0" encoding="utf-8"?>
<manifest identifier="_67iQOdvlnRY" version="1.0" xmlns="http://www.imsproject.org/xsd/imscp_rootv1p1p2" xmlns:adlcp="http://www.adlnet.org/xsd/adlcp_rootv1p2" xmlns:xsi="http://www.w3.org/2001/XMLSchema-instance" xsi:schemaLocation="http://www.imsproject.org/xsd/imscp_rootv1p1p2 imscp_rootv1p1p2.xsd http://www.imsglobal.org/xsd/imsmd_rootv1p2p1 imsmd_rootv1p2p1.xsd http://www.adlnet.org/xsd/adlcp_rootv1p2 adlcp_rootv1p2.xsd">
  <metadata>
    <schema>ADL SCORM</schema>
    <schemaversion>1.2</schemaversion>
    <lom xmlns="http://www.imsglobal.org/xsd/imsmd_rootv1p2p1" xmlns:xsi="http://www.w3.org/2001/XMLSchema-instance" xsi:schemaLocation="http://www.imsglobal.org/xsd/imsmd_rootv1p2p1 imsmd_rootv1p2p1.xsd">
      <general>
        <title>
          <langstring xml:lang="x-none">Spot the fish</langstring>
        </title>
      </general>
      <lifecycle>
        <version>
          <langstring xml:lang="x-none">1</langstring>
        </version>
        <status>
          <source>
            <langstring xml:lang="x-none">LOMv1.0</langstring>
          </source>
          <value>
            <langstring xml:lang="x-none">Final</langstring>
          </value>
        </status>
      </lifecycle>
      <metametadata>
        <metadatascheme>ADL SCORM 1.2</metadatascheme>
      </metametadata>
      <educational>
        <typicallearningtime>
          <datetime>PT0H0M0S</datetime>
        </typicallearningtime>
      </educational>
      <rights>
        <cost>
          <source>
            <langstring xml:lang="x-none">LOMv1.0</langstring>
          </source>
          <value>
            <langstring xml:lang="x-none">yes</langstring>
          </value>
        </cost>
        <copyrightandotherrestrictions>
          <source>
            <langstring xml:lang="x-none">LOMv1.0</langstring>
          </source>
          <value>
            <langstring xml:lang="x-none">yes</langstring>
          </value>
        </copyrightandotherrestrictions>
      </rights>
    </lom>
  </metadata>
  <organizations default="Spot_the_fish_ORG">
    <organization identifier="Spot_the_fish_ORG">
      <title>Spot the fish</title>
      <item identifier="Spot_the_fish_SCO" isvisible="true" identifierref="__67iQOdvlnRY_RES">
        <title>Spot the fish</title>
      </item>
    </organization>
  </organizations>
  <resources>
    <resource identifier="__67iQOdvlnRY_RES" type="webcontent" href="index_lms.html" adlcp:scormtype="sco">
      <file href="story_content/thumbnail.jpg" />
      <file href="mobile/6pBudznmb6N.png" />
      <file href="story_content/6GqE4dm399j_44100_48_0.mp3" />
      <file href="mobile/652TEHs0FYt_P_0_0_626_352.jpg" />
      <file href="mobile/6jqpCCRB9jr_M_2898_2898_P_0_0_984_1842.png" />
      <file href="mobile/61hvt4l2S5L_P_0_37_626_355.jpg" />
      <file href="mobile/6Y6J9rlnTrY_M_2638_2638.png" />
      <file href="story_content/5ZCo6yNAaM4_44100_48_0.mp3" />
      <file href="mobile/6ifu45OOSUq_P_0_0_626_353.jpg" />
      <file href="story_content/5l2P8FUCj1P_44100_48_0.mp3" />
      <file href="story_content/5mQM9SFel85_44100_48_0.mp3" />
      <file href="story_content/5iV9wmgtnAP_44100_48_0.mp3" />
      <file href="story_content/6NR6mMiqyC8_44100_48_0.mp3" />
      <file href="mobile/62awh5T4Ar0_M_2470_2470.png" />
      <file href="mobile/6gQ1ZB9TwkX.png" />
      <file href="story_content/5b8LtrPKCP1_44100_48_0.mp3" />
      <file href="story_content/6OjLNFSD28u_44100_48_0.mp3" />
      <file href="mobile/6KQpwjqiY4B_M_2328_2328.png" />
      <file href="mobile/68OrnRx6JOA_M_92_92.png" />
      <file href="story_content/5n1RcY9Ar4c_44100_48_0.mp3" />
      <file href="story_content/5g9FLSmPqhb_44100_48_0.mp3" />
      <file href="story_content/5fwQhsNLwd6.js" />
      <file href="mobile/5pHyJHdjR0I_M_92_92.png" />
      <file href="story_content/5dqBC2EEa4X_44100_48_0.mp3" />
      <file href="story_content/6KI5Lp3liIW_44100_48_0.mp3" />
      <file href="mobile/5wZogdiWhHI_M_2456_2456.png" />
      <file href="story_content/5vm0WpAVRSq_44100_48_0.mp3" />
      <file href="story_content/6hevYOFdtPj_44100_48_0.mp3" />
      <file href="mobile/6Iy5fIsu3MW_M_3762_3762_P_6954_0_1046_2645.png" />
      <file href="mobile/6Iy5fIsu3MW_M_3762_3762_P_0_0_4188_2645.png" />
      <file href="mobile/5coqI1lrM2O_M_116_116.png" />
      <file href="mobile/6NvVZNHGbFz_M_2248_2248.png" />
      <file href="mobile/68rQHDHcPTZ_M_116_116.png" />
      <file href="mobile/5umunrVGxf1_M_2556_2556.png" />
      <file href="mobile/5ujHOjc6jUy_M_120_120.png" />
      <file href="mobile/66qYzp1mlkL_M_2560_2560.png" />
      <file href="mobile/5XLue6HPLA6_M_2380_2380.png" />
      <file href="mobile/5VsrZeQ6F33.png" />
      <file href="mobile/5irVj5pHZfr.png" />
      <file href="mobile/6aW4vSbLhus_M_2898_2898_P_0_0_1167_1842.png" />
      <file href="mobile/6c1OPIEAuba_M_2898_2898_P_0_0_955_1842.png" />
      <file href="mobile/6dlRMuwIh0U_P_0_31_626_353.jpg" />
      <file href="mobile/5ZLO7CF2y0n.png" />
      <file href="mobile/6OYPznJtmXj.png" />
      <file href="meta.xml" />
      <file href="story_content/user.js" />
      <file href="html5/data/css/output.min.css" />
      <file href="html5/data/js/5dUBx9IFJK2.js" />
      <file href="html5/data/js/5myDVf6RgGR.js" />
      <file href="html5/data/js/5qNPuvsTVrI.js" />
      <file href="html5/data/js/5W2YorsW2Qd.js" />
      <file href="html5/data/js/5Z6nFv5gQFQ.js" />
      <file href="html5/data/js/684zMkyMbES.js" />
      <file href="html5/data/js/6aCk84V2Iqm.js" />
      <file href="html5/data/js/6AZxxB7MCEv.js" />
      <file href="html5/data/js/6b91cd5LxEk.js" />
      <file href="html5/data/js/6dh0A0tTgeG.js" />
      <file href="html5/data/js/6F7Auap0M1U.js" />
      <file href="html5/data/js/6nihc2bwTIt.js" />
      <file href="html5/data/js/6okiHKqpsNF.js" />
      <file href="html5/data/js/6T3iRKZZ3PN.js" />
      <file href="html5/data/js/data.js" />
      <file href="html5/data/js/frame.js" />
      <file href="html5/data/js/paths.js" />
      <file href="html5/lib/hls/hls.min.js" />
      <file href="html5/lib/scripts/bootstrapper.min.js" />
      <file href="html5/lib/scripts/frame.desktop.min.js" />
      <file href="html5/lib/scripts/frame.mobile.min.js" />
      <file href="html5/lib/scripts/slides.min.js" />
      <file href="html5/lib/stylesheets/desktop.min.css" />
      <file href="html5/lib/stylesheets/mobile.min.css" />
      <file href="html5/lib/stylesheets/mobile-fonts/open-sans-bold.woff" />
      <file href="html5/lib/stylesheets/mobile-fonts/open-sans-light.woff" />
      <file href="html5/lib/stylesheets/mobile-fonts/open-sans-regular.woff" />
      <file href="analytics-frame.html" />
      <file href="story.html" />
      <file href="index_lms.html" />
      <file href="lms/AICCComm.html" />
      <file href="lms/blank.html" />
      <file href="lms/browsersniff.js" />
      <file href="lms/goodbye.html" />
      <file href="lms/scormdriver.js" />
    </resource>
  </resources>
</manifest>